pid,total_sent,unique_addresses_sent,unique_add_sent_perc,unique_subjects_sent,unique_sub_sent_perc,total_received,unique_addresses_received,unique_add_rec_perc,unique_subjects_received,unique_sub_rec_perc,total_emails,total_sent_signed,unique_addresses_sent_signed,unique_add_sent_perc_signed,unique_subjects_sent_signed,unique_sub_sent_perc_signed,total_received_signed,unique_addresses_received_signed,unique_add_rec_perc_signed,unique_subjects_received_signed,unique_sub_rec_perc_signed,inter_hume_sent,inter_hume_received,inter_vt_sent,inter_vt_received,sent_to,sent_to_perc,sent_cc,sent_cc_perc,sent_bcc,sent_bcc_perc,rec_to,rec_to_perc,rec_cc,rec_cc_perc,rec_bcc,rec_bcc_perc,avg_recipients_sent,avg_recipients_rec,avg_body_chars_sent,avg_body_chars_rec,var_body_chars_sent,var_body_chars_rec,after_hours_sent,after_hours_sent_perc,after_hours_rec,after_hours_rec_perc,after_hours_sent_hume,after_hours_sent_hume_perc,after_hours_rec_hume,after_hours_rec_hume_perc,avg_sent_per_day,avg_rec_per_day,avg_emails_per_day,attached_sent,attached_rec,avg_attachments_sent,avg_attachments_rec,sent_re,sent_re_perc,sent_fw,sent_fw_perc,rec_re,rec_re_perc,rec_fw,rec_fw_perc,avg_subject_chars_sent,avg_subject_chars_rec,var_subject_chars_sent,var_subject_chars_rec,fg_between_centrality,pg_between_centrality,pg_avg_neighbor_degree,fg_avg_neighbor_degree,pg_clustering,fg_clustering,pg_closeness_centrality,fg_closeness_centrality,pg_degree_centrality,fg_degree_centrality,pg_current_flow_closeness_centrality,pg_current_flow_betweenness_centrality,pg_communicability_centrality,fg_communicability_centrality,pg_communicability_betweenness_centrality,pg_load_centrality,fg_load_centrality,pg_square_clustering,fg_square_clustering,pg_eccentricity,pg_pagerank,fg_pagerank,pg_hubs,pg_authorities,fg_hubs,fg_authorities,pg_avg_shortest_paths,pg_max_shortest_paths,fg_avg_shortest_paths,fg_max_shortest_paths,pg_num_cliques,fg_num_cliques,Status
adamq,0.003204085,0.015608064,0.330111165,0.007275411,0.645891422,0.030313565,0.101204819,1,0.044809609,1,0.004000251,0.002067875,0.012987013,0.5294,0.005209209,0.6078,0.005974608,0.020491803,0.375344986,0.006261181,0.253162236,0.047058824,0.068181818,0.68627451,0.21875,0.005089059,0.840201168,0.000887574,0.159798832,0,0,0.044922814,1,0.002885869,0,0,0,0.02628908,0.153625204,0.16049832,0.228939535,0.0202782,0.014329052,0.001972936,0.382915689,0.034257322,0.638095238,0.000799709,0.056138877,0,0,0.012703342,0.116804415,0.041191287,0.003139434,0.009046625,0.32,0.030769231,0.003022697,0.6241,0.003915287,0.163410663,0.008255934,0.039831606,0.011078998,0.085732566,0.096977413,0.635594403,0.080437118,0.302921887,0.000127707,0,0.900231443,0.840725361,1,0.983449477,0.151598532,0.045943304,0.028985507,0.059701493,0.272301044,0.001629494,0.01137226,0.037601132,0.020970969,0,0.000127734,0.691428075,0.755065968,1,0.003144473,0.00328424,0,0,0.000357739,0.000357739,0.729166667,1,0.924242424,0,0,0.003184713,GradStudent
ahmed12,0,0.002167787,0.792895118,5.27E-05,0.194029851,0.006639783,0.011566265,0.528933525,0.009701049,0.937580715,0,0,0,0,0,0,0.00622355,0.024590164,0.415823367,0.008944544,0.607149404,0.705882353,0.840909091,0.862745098,0.96875,0,0.015087605,0.000558843,0.984912395,0,0,0.007958977,0.733381503,0.003909886,0.266618497,0,0,0.590280404,1,0,0.162375735,0,0.004064924,4.64E-05,0.088137267,0.001176778,0.159330759,0.000145402,0.099958001,0.002038043,0.208568878,0,0.008823129,0.002127984,0,0.008629088,0,0.784615385,0.000494944,1,0,0,0.001846722,0.189928756,0.018304432,1,0.376362866,0.889721327,0.445584056,0.622793679,0.000799776,0,0.71595305,0.595573165,1,0.954567193,0.179435484,0.074960128,0.043478261,0.134328358,0.414606575,0.00277174,0.016454681,0.073581351,0.030070155,0,0.000799944,0.886475634,0.881852043,1,0.004909662,0.004959246,0.003681902,0.003681902,0.004279071,0.004279071,0.6875,1,0.878787879,0,0,0.003184713,Research
ajm,0.008023236,0.027314112,0.22619623,0.013918178,0.471707397,0.041854968,0.082409639,0.551410808,0.042301854,0.496771416,0.009180732,0.000689292,0.005772006,0.7059,0.001512351,0.5294,0.082399801,0.12704918,0.12925483,0.083631485,0.204216315,0.6,0.727272727,0.509803922,0.75,0.010264372,0.604477612,0.005161078,0.395522388,0,0,0.043480583,0.501806358,0.036306088,0.498193642,0,0,0.122032279,0.200411199,0.328744559,0.072392588,0.111520482,0.002779774,0.00046422,0.038390322,0.009806485,0.047876448,0.001308615,0.039199216,0.014945652,0.146980065,0.063109243,0.329546842,0.136812306,0.009382217,0.035351427,0.4,0.430769231,0.006964576,0.6118,0.007652607,0.135938136,0.033295313,0.545336788,0.045279383,0.397952655,0.158826346,0.498207434,0.268374948,0.532600101,0.053168205,0.002079751,0.462210132,0.437921445,0.86521384,0.666007471,0.334022672,0.289131921,0.289855072,0.417910448,0.811719552,0.013812653,0.297376752,0.383368245,0.439257417,0.00208073,0.053149774,0.263733253,0.429953625,0,0.026893561,0.031182648,0.021597838,0.021597838,0.021721779,0.021721779,0.489583333,0,0.590909091,0,0.147540984,0.085987261,Director
apblair,0.002188155,0.002818123,0.108506525,0.005535639,0.712809578,0.010428979,0.010120482,0.282639885,0.014452584,0.883555747,0.002840909,0.000162186,0.001443001,0.75,0.000672156,1,0.040826487,0.036885246,0.078810181,0.052772809,0.484142988,0.905882353,0.954545455,0.980392157,0.96875,0.003773666,0.917261518,0.000328731,0.082738482,0,0,0.014582554,0.912933526,0.002513498,0.087066474,0,0,0.035025573,0.198210074,0.192096401,0.050284188,0.018278731,0.001670635,0.003412019,0.925811628,0.008106695,0.451222651,0.010178117,1,0.013586957,0.5629277,0.003893149,0.019027816,0.007801329,0.001696016,0.005845511,0.24,0.292307692,0.002050484,0.5918,0.000889838,0.051892552,0.005485851,0.34763601,0.006743738,0.225207933,0.016084563,0.393902189,0.035903744,0.657558402,0.002657414,0,0.706563068,0.598841861,1,0.862804878,0.186620671,0.084888621,0.057971014,0.134328358,0.569404797,0.005054932,0.024210822,0.080251499,0.04397096,0,0.002657972,0.549239115,0.857008623,1,0.010236491,0.010912119,0.002289007,0.002289007,0.002495744,0.002495744,0.677083333,1,0.863636364,1,0,0.02866242,GradStudent
apoetter,0.241296222,0.102102753,0.004229096,0.197964994,0.116450713,0.633769033,0.395180723,0.079866093,0.531115951,0.292294447,0.232703877,0.190325589,0.118326118,0.0524,0.19374895,0.2456,0.41150112,0.266393443,0.039865072,0.446779964,0.274977085,0.623529412,0.477272727,0.764705882,0.75,0.248177858,0.384977287,0.231229454,0.615022713,0,0,0.728273062,0.61199422,0.427946379,0.38800578,0,0,0.240999821,0.072371047,0.611490674,0.105271218,0.080562141,0.008695812,0.034096976,0.097765708,0.383368201,0.268983269,0.080552526,0.083578328,0.276494565,0.165129426,0.245415983,0.645347884,0.357783708,0.396109988,0.498538622,0.59,0.353846154,0.164887223,0.5027,0.268197188,0.165242165,0.511542013,0.542908031,0.506262042,0.268074216,0.323065986,0.429829734,0.880044914,0.713449717,0.844460944,0.258823434,0.096626092,0.032417151,0.166800142,0.048927713,0.738066343,0.877563514,0.797101449,0.925373134,0.987295672,0.432677098,0.896074856,0.877881298,0.918843882,0.258738359,0.844281747,0.07722624,0.067346795,0,0.343219721,0.349200648,0.236959557,0.236959556,0.236665854,0.236665854,0.145833333,0,0.075757576,0,0.885245902,0.77388535,PM
arog3632,0.039868711,0.068718838,0.100410826,0.058150569,0.372806298,0.151220191,0.323373494,0.602582496,0.173101036,0.639905295,0.043480531,0.01370474,0.035113035,0.216,0.022181146,0.3905,0.03485188,0.102459016,0.26724931,0.039355993,0.320623281,0.070588235,0.113636364,0.490196078,0.3125,0.055224911,0.728423102,0.016995398,0.271576898,0,0,0.210512259,0.897398844,0.038074846,0.102601156,0,0,0.073155685,0.021908448,0.192137182,0.159725011,0.02577671,0.031822881,0.01146624,0.197383039,0.131929916,0.454826255,0.006470374,0.040319194,0.015172101,0.017256769,0.042268292,0.16078051,0.075034498,0.038431005,0.064578984,0.34,0.092307692,0.033267341,0.6093,0.018864567,0.06980057,0.08337407,0.284326425,0.086705202,0.166346769,0.032682318,0.447527727,0.110435451,0.477699493,0.049665786,0.003505334,0.399711877,0.407748867,0.733357814,0.587727972,0.239654195,0.289131921,0.173913043,0.417910448,0.741582195,0.107439192,0.089328009,0.362808652,0.149825937,0.003547972,0.049787798,0.418411206,0.252452836,1,0.024696307,0.026739136,0.00955611,0.00955611,0.011191865,0.011191865,0.604166667,1,0.590909091,0,0.024590164,0.143312102,GradStudent
asohangh,0.007228727,0.013440277,0.120106332,0.008909743,0.276365426,0.025759577,0.022168675,0.199904352,0.027849271,0.577055532,0.007551387,0.000324373,0.002405002,0.625,0.001008234,0.75,0.056758775,0.06147541,0.090616375,0.057245081,0.198533456,0.635294118,0.829545455,0.803921569,0.859375,0.008819597,0.546398443,0.005358317,0.453601557,0,0,0.0298061,0.64324422,0.017035934,0.35675578,0,0,0.164918705,0.050885892,0.292435728,0.083807915,0.069484297,0.00252899,0.002924587,0.26675719,0.00915272,0.145173745,0.005961469,0.19697606,0.012681159,0.21570961,0.007284799,0.026260061,0.012284885,0.003500289,0.017675713,0.17,0.323076923,0.008201937,0.7959,0.001957644,0.038461538,0.019227636,0.506962435,0.01734104,0.221369162,0.09019724,0.494882225,0.241752979,0.668062154,0.088090943,0.002111365,0.488245991,0.286136615,0.789421043,0.485094851,0.208747241,0.180537772,0.115942029,0.28358209,0.710418855,0.016763391,0.051909537,0.15363519,0.09302281,0.002164514,0.089375187,0.427067987,0.744563593,1,0.020267602,0.028360804,0.004060662,0.004060662,0.004650796,0.004650796,0.645833333,1,0.727272727,0,0.016393443,0.063694268,GradStudent
awais,0.001289449,0.003902016,0.22982117,0.00137073,0.197310153,0.008482236,0.012048193,0.426111908,0.011152907,0.812096427,0.00129512,0,0,0,0,0,0.024147374,0.008196721,0.039098436,0.023703041,0.175068744,0.811764706,0.863636364,1,0.859375,0.001638849,0.488968202,0.001314924,0.511031798,0,0,0.011057102,0.823157514,0.003444424,0.176842486,0,0,0.155306573,0.093729213,0.136513719,0.15161516,0.004281184,0.007373455,0.000394587,0.165288236,0.008237448,0.572715573,0.000799709,0.121237575,0.01245471,0.625706635,0.00126942,0.008896394,0.003082505,0.002129042,0.005080028,0.46,0.338461538,0.001626246,0.7244,0.000177968,0.016076516,0.005540166,0.474093264,0.006743738,0.286628279,0.14595297,0.82795582,0.136137825,0.954489785,0.003200184,0,1,0.505238295,1,0.862804878,0.179435484,0.094949495,0.028985507,0.164179104,0.517531562,0.003295561,0.012397229,0.086495176,0.023317832,0,0.003200855,0.292260265,0.774284032,1,0.006908319,0.006833154,0.012082902,0.012082902,0.011425941,0.011425941,0.6875,1,0.848484848,0,0,0.031847134,GradStudent
bdeird7,0.059926801,0.144808151,0.149710005,0.100168705,0.459406265,0.155148439,0.318554217,0.573409852,0.201346268,0.811235471,0.067889372,0.00141913,0.012506013,0.7429,0.003696858,0.6286,0.054767239,0.118852459,0.190892364,0.063506261,0.350504125,0,0.113636364,0.549019608,0,0.089274162,0.832414017,0.015713346,0.167585983,0,0,0.226269964,0.974530347,0.021132005,0.025469653,0,0,0.067205318,0.013950535,0.415305482,0.300735189,0.495498253,0.02649589,0.087041292,1,0.260460251,1,0.02086514,0.086798264,0.042572464,0.09580482,0.070844608,0.183911134,0.102413092,0.039477483,0.067223382,0.24,0.092307692,0.044545005,0.5444,0.041110518,0.101546602,0.046276682,0.024935233,0.04238921,0.029430582,0.069158165,0.756807974,0.117794502,0.364898024,0.075364042,0.005308625,0.291838871,0.339737913,0.695412579,0.530956848,0.263961227,0.315290308,0.231884058,0.447761194,0.765784579,0.08686967,0.119678373,0.378626408,0.19835547,0.005353814,0.075386872,0.540502259,0.350345134,1,0.032229975,0.034325002,0.006516214,0.006516214,0.006973785,0.006973785,0.572916667,1,0.560606061,0,0.057377049,0.194267516,GradStudent
ccallsen,0.264454199,0.306741817,0.057515708,0.244042598,0.157946531,0.536327609,0.484819277,0.176470588,0.354781231,0.09319845,0.260402741,0.404330373,0.417027417,0.0869,0.399260628,0.2383,0.715957182,0.422131148,0.033731984,0.699463327,0.163886343,0.458823529,0.488636364,0.529411765,0.625,0.269590719,0.37605451,0.257034845,0.62394549,0,0,0.546124673,0.458995665,0.484453547,0.541004335,0,0,0.168003343,0.061196106,0.417731396,0.054372634,0.071586974,0.010624392,0.041408444,0.10825824,0.179916318,0.085456885,0.083097056,0.078678426,0.180932971,0.120202321,0.265576515,0.539201697,0.343391005,0.248556582,0.411969381,0.34,0.338461538,0.270328077,0.7522,0.309129738,0.173789174,0.610395959,0.884876943,0.628131021,0.439539347,0.204912126,0.369531464,0.412140265,0.31076561,0.149608003,0.044516243,0.239020224,0.226950604,0.507737502,0.349856528,0.456065188,0.490705373,0.492753623,0.626865672,0.980684622,0.150697286,0.521790949,0.585040504,0.658521851,0.044648898,0.149633956,0.329955796,0.261388461,0,0.241409517,0.240105148,0.329165855,0.329165855,0.329200322,0.329200321,0.364583333,0,0.378787879,0,0.37704918,0.299363057,Director
cheadley,0.025502429,0.036202038,0.079990333,0.036587938,0.362145317,0.0718209,0.087228916,0.293639407,0.076090543,0.546706845,0.027688419,0.017394478,0.041847042,0.2028,0.027054277,0.3753,0.136669156,0.114754098,0.061024226,0.135957066,0.182951421,0.658823529,0.875,0.843137255,0.859375,0.03228102,0.609506814,0.015713346,0.390493186,0,0,0.08322205,0.630780347,0.047291007,0.369219653,0,0,0.126370674,0.115123662,0.172373476,0.072069916,0.02724751,0.003199008,0.00872734,0.233674855,0.049947699,0.341570142,0.019847328,0.19249615,0.072916667,0.432014281,0.025904266,0.073226042,0.038902936,0.013495958,0.051356994,0.19,0.323076923,0.025843173,0.7362,0.011567895,0.066544567,0.050187388,0.44138601,0.054913295,0.255278311,0.085516801,0.521248648,0.087861214,0.748726551,0.2184637,0.04556183,0.237754417,0.20076139,0.448685851,0.290791021,0.43411045,0.540229885,0.463768116,0.671641791,0.896100779,0.075365356,0.434000062,0.631909773,0.582577476,0.045536746,0.218379151,0.131541123,0.159512808,0,0.067429744,0.067078508,0.01955531,0.01955531,0.019386294,0.019386294,0.385416667,0,0.333333333,0,0.319672131,0.433121019,Research
chrisdob,0.001263399,0.00325168,0.204929918,0.003110502,0.636870592,0.010324689,0.014939759,0.422764228,0.010426978,0.52173913,0.0016189,0,0,0,0,0,0.010206622,0.024590164,0.256516406,0.008050089,0,0.929411765,0.931818182,0.921568627,0.921875,0.002156381,0.818299805,0.000460224,0.181700195,0,0,0.009988783,0.483200867,0.010240179,0.516799133,0,0,0.04053812,0.081895144,0.226596199,0.080712307,0.123928743,0.001299171,0.000487431,0.207381805,0.001961297,0.110682111,0.001454017,0.22399552,0.004755435,0.236536745,0.00150711,0.012803829,0.004332791,0.00079388,0.002922756,0.18,0.107692308,0.001732306,0.784,0.000533903,0.048840049,0.006735104,0.459520725,0.006262042,0.209852847,0.047004832,0.402066053,0.136875707,0.719199293,0.001454554,0,0.765250455,0.505450548,1,0.918699187,0.144856771,0.084888621,0.028985507,0.149253731,0.398103788,0.002768633,0.009253825,0.073460612,0.017037733,0,0.001454859,1,1,1,0.005289592,0.00672768,0.000600779,0.000600779,0.002063919,0.002063919,0.739583333,1,0.863636364,0,0,0.012738854,GradStudent
chrisj12,0.00046889,0.003034901,0.407201547,0.001159848,0.501558143,0.008795105,0.013493976,0.456719273,0.010690952,0.719543693,0.000595338,0,0,0,0,0,0.005725666,0.012295082,0.272615762,0.009838998,0.859028414,0.776470588,0.920454545,0.823529412,0.875,0.000733169,0.518332252,0.000624589,0.481667748,0,0,0.007852145,0.423049133,0.009867809,0.576950867,0,0,0.158152401,0.176912378,0.05312847,0.056430074,0.002729841,0.001548818,6.96E-05,0.057894087,0.004445607,0.307593308,0.000145402,0.043819124,0.008605072,0.440940196,0.000508029,0.010469834,0.002955747,0.000144342,0.003897008,0.06,0.230769231,0.000707064,0.625,0,0,0.005540166,0.451586788,0.004816956,0.19193858,0.048241566,0.625233322,0.008468695,1,0.006461694,0.000769845,0.548107125,0.587472483,0.903305581,0.773329799,0.216319444,0.125953412,0.086956522,0.179104478,0.504109835,0.009013018,0.034213982,0.113172001,0.062921813,0.000770208,0.00646305,0.336066497,0.391457292,0,0.008730568,0.009895998,0.005023729,0.005023729,0.005332538,0.005332538,0.635416667,0,0.803030303,0,0.008196721,0.098726115,GradStudent
cshahria,0.001966735,0.005202688,0.195746738,0.002056094,0.196326062,0.010046583,0.01686747,0.492109039,0.014452584,0.933275936,0.001974014,0,0,0,0,0,0.01867065,0.024590164,0.135081263,0.025044723,0.529972502,0.788235294,0.840909091,0.882352941,0.796875,0.001595722,0.148118105,0.003090072,0.851881895,0,0,0.011698093,0.680816474,0.006516477,0.319183526,0,0,0.378216482,0.111918728,0.179712027,0.123183245,0.015567525,0.008570925,0.000719541,0.213800765,0.014382845,0.831660232,0.001817521,0.195576088,0.022418478,0.921451949,0.002039953,0.010846623,0.004185868,0.002129042,0.007306889,0.33,0.4,0.002350986,0.743,0,0,0.005703112,0.387305699,0.010597303,0.38515675,0.202856044,0.792745451,0.154280643,0.779714869,0.009218871,0,0.725343032,0.352979078,1,0.702090592,0.179435484,0.105145414,0.043478261,0.179104478,0.497263967,0.004145025,0.013584897,0.073393778,0.026094549,0,0.009220805,0.563063516,0.55939599,1,0.006548079,0.008857849,0.013442816,0.013442816,0.01447454,0.01447454,0.6875,1,0.833333333,0,0,0.076433121,GradStudent
cthomp,0.055941232,0.055928897,0.04760754,0.04402151,0.103001476,0.287944101,0.110361446,0,0.295849007,0.507318123,0.053569936,0.011636865,0.018278018,0.1324,0.016131743,0.3345,0.617625093,0.139344262,0,0.652504472,0.245096242,0.882352941,0.715909091,0.980392157,0.984375,0.073748221,0.665314731,0.029322814,0.334685269,0,0,0.25639656,0.311054913,0.324241296,0.688945087,0,0,0.466894864,0.07645885,0.383332645,0.042390478,0.064376495,0.001382187,0.010212845,0.125663498,0.170109833,0.261261261,0.029225736,0.130197396,0.218070652,0.312109491,0.056000752,0.288926955,0.120404932,0.069825346,0.223173278,0.45,0.353846154,0.027858304,0.3646,0.129916355,0.343711844,0.237358101,0.561852332,0.295761079,0.37300064,0.128147864,0.400397654,0.169054082,0.313436446,0.134586443,0.032958419,0.270972245,0.238668571,0.555998531,0.358034433,0.456065188,0.490705373,0.492753623,0.626865672,0.974049406,0.141720986,0.561368783,0.599733867,0.68909392,0.033024594,0.134609245,0.240443282,0.253285294,0,0.184668132,0.178088593,0.261364078,0.261364078,0.261046363,0.261046363,0.364583333,0,0.378787879,0,0.418032787,0.207006369,Director
darek,0.00046889,0.001300672,0.256162397,0.000843526,0.347876005,0,0,0.765184122,0,0.721696083,0.00053267,0,0,0,0,0,0,0,1,0,0.389000917,0.894117647,0.943181818,1,0.96875,0.000733169,0.518332252,0.000624589,0.481667748,0,0,0,0.964234104,0,0.035765896,0,0,0.112658958,0.037310274,0.433763541,0.068902342,0.212956623,0.008136816,0.000882018,0.732995926,0,0.824710425,0.002544529,0.765644687,0.001585145,0.975007438,0.000407468,0,0,0.000469111,0.000278358,0.2,1,0.00067171,0.5938,0,0,0,0.896858808,0,0.381957774,0.120234794,0.147285239,0.016261634,0,0,0,0.953050091,1,1,1,0.106111948,0,0,0,0,0,0,0,0,0,0,0.339342845,0.818018335,1,0,0,0.001361121,0.001361121,0.001663767,0.001663767,0.802083333,1,1,1,0,0,GradStudent
deannac,0.087187569,0.089746369,0.048936684,0.092946014,0.215679843,0.268580964,0.271325301,0.215208034,0.26060846,0.442961687,0.08831885,0.166970766,0.171236171,0.0864,0.22517224,0.3254,0.342544187,0.258196721,0.049984667,0.345706619,0.197066911,0.729411765,0.590909091,0.901960784,0.796875,0.124380041,0.77238806,0.030999343,0.22761194,0,0,0.289995193,0.532333815,0.213833551,0.467666185,0,0,0.236621624,0.046519925,0.514311311,0.091258862,0.132513269,0.007065425,0.003853028,0.030490063,0.135329498,0.202316602,0.010905125,0.031219376,0.101902174,0.141029456,0.124913805,0.385667387,0.197702814,0.123087471,0.275574113,0.51,0.538461538,0.046701548,0.393,0.04466987,0.075905576,0.209331378,0.515705959,0.276011561,0.373640435,0.303376066,0.547992043,0.586117865,0.466184193,0.742098737,0.343452298,0.068044305,0.030260802,0.114716672,0.040700824,0.788020833,0.949494949,0.84057971,0.970149254,0.972512546,0.196211661,0.908265244,0.960858607,0.930189522,0.343610326,0.741768869,0.089960257,0.029091741,0,0.197042476,0.183003555,0.117936944,0.117936943,0.117660156,0.117660156,0.114583333,0,0.03030303,0,0.868852459,0.856687898,Operations
drdepoy,0.014405356,0.017125515,0.066698888,0.011282159,0.102181401,0.028053953,0.030843373,0.274031564,0.032468818,0.657339647,0.01377632,0.00117585,0.005291005,0.3793,0.002016468,0.4138,0.057256659,0.069672131,0.102729224,0.061270125,0.260494959,0.717647059,0.863636364,0.784313725,0.890625,0.013671454,0.30045425,0.016074951,0.69954575,0,0,0.0298061,0.537210983,0.023180041,0.462789017,0,0,0.428167725,0.123178327,0.634014285,0.072266949,0.213386503,0.002722761,0.001531927,0.071842982,0.00876046,0.113770914,0.003780443,0.064258715,0.010643116,0.165129426,0.014578741,0.028548702,0.018278003,0.003897229,0.020180932,0.1,0.338461538,0.015360956,0.7663,0.005872931,0.059218559,0.022812449,0.569624352,0.024566474,0.308381318,0.165898379,0.552911231,0.094875582,0.442980252,0.061403786,0.04273917,0.267111919,0.33894067,0.507737502,0.49108818,0.343364198,0.315290308,0.333333333,0.447761194,0.818212357,0.092792107,0.234234013,0.371053448,0.363125002,0.042951192,0.061433361,0.157934275,0.204271163,0,0.043468908,0.036595242,0.014854763,0.014854763,0.013818711,0.013818711,0.479166667,0,0.560606061,0,0.147540984,0.162420382,Research
dslevy,0.026961199,0.039887275,0.084098598,0.028732602,0.214695752,0.115761663,0.097349398,0.162601626,0.095492642,0.283254412,0.027301972,0.029355715,0.06012506,0.1727,0.033439758,0.2749,0.337565347,0.135245902,0.017325974,0.330948122,0.167736022,0.764705882,0.795454545,0.764705882,0.828125,0.025186527,0.289422453,0.030210388,0.710577547,0,0,0.095400887,0.240426301,0.143734872,0.759573699,0,0,0.218113793,0.091268066,0.29972448,0.069166444,0.068980509,0.003175799,0.00666156,0.168868041,0.078974895,0.328185328,0.017811705,0.16351673,0.11548913,0.422790836,0.0589993,0.254206599,0.113051094,0.017140589,0.084272791,0.23,0.323076923,0.027575479,0.7436,0.02758498,0.15038665,0.124490794,0.821081606,0.129576108,0.415227127,0.151511759,0.502073666,0.434133967,0.635471881,0.017934058,0.001314798,0.402327657,0.517619719,0.914389131,0.786978757,0.343364198,0.215173316,0.333333333,0.328358209,0.926540965,0.053573214,0.349201014,0.28359901,0.484109945,0.001315417,0.01793782,0.406735278,0.547274777,0,0.068700077,0.066267886,0.111529232,0.111529232,0.111408823,0.111408823,0.479166667,0,0.681818182,0,0.081967213,0.031847134,Director
example,0.003151986,0.004985909,0.116118898,0.004955715,0.391504018,0.009559897,0.011566265,0.358680057,0.011284894,0.686181662,0.003498914,0.001784049,0.007215007,0.3409,0.004369014,0.5909,0.025143142,0.040983607,0.154707145,0.025939177,0.224381302,0.964705882,1,1,1,0.00470091,0.753569111,0.001347798,0.246430889,0,0,0.012072005,0.780166185,0.004561534,0.219833815,0,0,0.101295548,0.064001935,0.196992471,0.119477856,0.024012583,0.005020729,0.001206973,0.237748426,0.005230126,0.324066924,0.003707743,0.264454711,0.010643116,0.490627789,0.005688882,0.018033513,0.008847076,0.000505196,0.005149617,0.05,0.276923077,0.003270169,0.6852,0.001245773,0.052706553,0.006354897,0.475550518,0.002890173,0.094049904,0.065593663,0.525989734,0.128471682,0.714109321,0.003846349,0.000741039,0.559311081,0.526204173,0.9015475,0.866768293,0.231770833,0.136571191,0.130434783,0.23880597,0.534748554,0.009355852,0.071804635,0.173851818,0.126443741,0.000806628,0.003847156,0.348625308,0.540576734,1,0.009884239,0.010793352,0.001904607,0.001904607,0.001579383,0.001579383,0.614583333,1,0.787878788,1,0.008196721,0.041401274,GradStudent
fnguyen,0.011292444,0.034901366,0.20239246,0.018030367,0.421682795,0.046096086,0.135903614,0.87517934,0.059988121,0.812742144,0.012616979,0.003243725,0.023088023,0.6,0.008065871,0.6,0.02987304,0.069672131,0.21465808,0.037119857,0.433730522,0.141176471,0.352272727,0.843137255,0.515625,0.0160866,0.749837768,0.004536489,0.250162232,0,0,0.062069334,0.847723988,0.015267176,0.152276012,0,0,0.167645127,0.006391728,0.468843927,0.171684918,0.063524409,0.01164182,0.015644222,0.929638316,0.056746862,0.700643501,0.006906579,0.148537029,0.030117754,0.27521571,0.013108198,0.053933078,0.024183736,0.009887413,0.0217119,0.31,0.138461538,0.005939334,0.3754,0.00747464,0.095441595,0.021182988,0.209196891,0.01734104,0.084452975,0.084274298,0.532720907,0.060771071,0.422142908,0.028345498,0.001530531,0.386297617,0.344075853,0.856423438,0.59708153,0.231770833,0.215173316,0.173913043,0.343283582,0.623615583,0.028450392,0.083606216,0.245349632,0.141609777,0.001562592,0.028351444,0.632441892,0.38973283,1,0.015806447,0.014985472,0.002312075,0.002312075,0.0021392,0.0021392,0.614583333,1,0.681818182,1,0.016393443,0.098726115,GradStudent
hayajs,0.001536919,0.002818123,0.155026583,0.002583298,0.401836969,0.007578391,0.01060241,0.427546628,0.011218901,0.961256995,0.00173379,4.05E-05,0.000481,1,0.000168039,1,0.015932288,0.028688525,0.183685986,0.022808587,0.616865261,0.858823529,0.875,0.784313725,0.828125,0.001487903,0.266547696,0.002169625,0.733452304,0,0,0.009294375,0.753251445,0.004096071,0.246748555,0,0,0.162033075,0.068531173,0.114660464,0.144745968,0.015397835,0.005136087,0.000789174,0.287495371,0.005883891,0.470785071,0.002108324,0.278034439,0.010416667,0.590300506,0.001576327,0.008184682,0.003112273,0.001840358,0.005080028,0.35,0.384615385,0.001926748,0.7466,0.000177968,0.013838014,0.003421867,0.314928756,0.003853565,0.182341651,0.223026786,0.935002369,0.26774639,0.815000671,0.002182987,0.000262583,0.600925773,0.57341867,0.909751875,0.87505978,0.186620671,0.074960128,0.057971014,0.104477612,0.460816644,0.006041705,0.017992031,0.047944162,0.034143199,0.000262707,0.002183445,0.869879889,0.745185147,1,0.006651082,0.00628216,0.007297087,0.007297087,0.007494403,0.007494402,0.677083333,1,0.878787879,0,0.008196721,0.047770701,GradStudent
het,0.012021829,0.021027531,0.107660706,0.015710671,0.308348368,0.069630814,0.062168675,0.18603539,0.071470996,0.510331468,0.012742313,0.000202733,0.002405002,1,0.000840195,1,0.146875778,0.139344262,0.070837167,0.153398927,0.233363886,0.835294118,0.840909091,0.862745098,0.921875,0.011622892,0.315866321,0.013182117,0.684133679,0,0,0.066235778,0.393424855,0.071029603,0.606575145,0,0,0.250293538,0.111531717,0.867602168,0.07754168,1,0.004073849,0.003806606,0.212936674,0.037264644,0.235006435,0.01039622,0.210555789,0.05321558,0.320440345,0.01592652,0.092728332,0.036935318,0.013279446,0.079401531,0.39,0.630769231,0.011366047,0.6761,0.010678057,0.128408628,0.057248384,0.566224093,0.08477842,0.458733205,0.173832919,0.627251589,0.406259646,0.803891573,0.048027723,6.85E-05,0.448338568,0.373665029,0.991152145,0.592010372,0.297991071,0.37007874,0.260869565,0.507462687,0.878172043,0.057533349,0.234354014,0.50158492,0.35004884,6.85E-05,0.048037797,0.472794133,0.397055713,0,0.043443773,0.045790193,0.041812831,0.041812831,0.042165383,0.042165383,0.53125,0,0.5,0,0.008196721,0.149681529,Research
jacouch,0.006160699,0.008020811,0.083856936,0.003163222,0,0.010985191,0.013493976,0.355332377,0.005213489,0,0.005556484,0.001216397,0.007696008,0.5333,0.000840195,0.1667,0.021906896,0.045081967,0.196872125,0.020125224,0.113657195,0.564705882,0.613636364,0.647058824,0.578125,0.004226506,0.048020766,0.009664694,0.951979234,0,0,0.007157737,0.160765896,0.016942841,0.839234104,0,0,0.527353778,0.042099534,0.292844017,0,0.117568629,0.000267598,0.00482789,0.512529317,0.007845188,0.411325611,0.009305707,0.357692846,0.00951087,0.391847664,0.008774931,0.016250746,0.010625518,0.004979792,0.003827418,0.28,0.138461538,0.006416602,0.7246,0.002669514,0.060846561,0.013904731,1,0.005298651,0.159309021,0.07429221,0,0,0.050482749,0.000392766,0.001047452,0.349743759,0.651504184,0.806611161,0.971036585,0.193899782,0.055489965,0.115942029,0.104477612,0.51501629,0.046690941,0.038675651,0.054222934,0.066555251,0.001105557,0.000392849,0.331554751,0.902931142,1,0.009709986,0.009305675,0.005673269,0.005673269,0.004208354,0.004208354,0.666666667,1,0.909090909,0,0.016393443,0.003184713,GradStudent
javier,0.00195371,0.006720139,0.244441759,0.003848587,0.511891094,0.012340958,0.011084337,0.24964132,0.01643239,0.833835557,0.002318683,0.002027328,0.004810005,0.2,0.004369014,0.52,0.02116007,0.016393443,0.082336707,0.019677996,0.125022915,0.858823529,0.954545455,0.921568627,0.953125,0.003062061,0.772225827,0.000821828,0.227774173,0,0,0.015864537,0.79642341,0.005399367,0.20357659,0,0,0.070986487,0.040998972,0.251942014,0.154137558,0.043384446,0.004378539,0.000719541,0.215035181,0.003791841,0.162419562,0.001817521,0.196556069,0.006793478,0.26361202,0.002011221,0.013222483,0.004819654,0.000577367,0.008698678,0.09,0.369230769,0.002545429,0.809,0,0,0.006626473,0.344397668,0.002408478,0.040307102,0.10910938,0.923749822,0.172037327,0.861476266,0.019558616,0.000105033,0.640050697,0.479767937,0.909751875,0.64600271,0.172342415,0.180537772,0.057971014,0.253731343,0.533941109,0.006175739,0.021061401,0.176744647,0.038593763,0.000105083,0.019579413,0.460707491,0.458730519,1,0.009549239,0.009908285,0.001023455,0.001023455,0.002333941,0.002333941,0.697916667,1,0.727272727,0,0.008196721,0.057324841,GradStudent
jdemma,0.003699024,0.007804032,0.147172547,0.004533952,0.267672626,0.015852048,0.014939759,0.2482066,0.01438659,0.406586311,0.003854027,0,0,0,0,0,0.015932288,0.016393443,0.115148727,0.013864043,0.069660862,0.705882353,0.909090909,0.68627451,0.875,0.004334325,0.480045425,0.003287311,0.519954575,0,0,0.016131617,0.509393064,0.01433625,0.490606936,0,0,0.159485761,0.031057628,0.530693601,0.07110624,0.25429991,0.001113337,0.000533853,0.090976423,0.002615063,0.055598456,0.001454017,0.089738205,0.005434783,0.169294853,0.004480844,0.019613931,0.008393823,0.001046478,0.006610995,0.09,0.153846154,0.004224705,0.766,0.001423741,0.052096052,0.012112324,0.538860104,0.008188825,0.163147793,0.108683037,0.366650104,0.143113813,0.705007389,0.029341669,0,0.747644239,0.31836666,1,0.576249549,0.201274671,0.191919192,0.086956522,0.298507463,0.590347921,0.00656008,0.048285823,0.175681909,0.086072012,0,0.029342394,0.488252217,0.461901029,1,0.010970927,0.012878169,0.003277794,0.003277794,0.004238049,0.004238049,0.65625,1,0.712121212,0,0,0.098726115,GradStudent
jgaedder,0.005209894,0.014524171,0.187530208,0.00432307,0.121207151,0.014148648,0.021686747,0.43472023,0.013726655,0.473310375,0.005023814,0,0,0,0,0,0.000497884,0,0.591076357,0.001341682,1,0.764705882,0.840909091,0.862745098,0.859375,0.003881485,0.101719663,0.007790927,0.898280337,0,0,0.013781315,0.469653179,0.013870788,0.530346821,0,0,0.394077494,0.103410534,0.362465865,0.055519992,0.088472894,0.00134797,0.001299817,0.161461548,0.008629707,0.334620335,0.00348964,0.156936861,0.015398551,0.475453734,0.007987421,0.022335181,0.011721199,0.002598152,0.012456507,0.17,0.476923077,0.005992364,0.7921,0.001423741,0.038054538,0.011623486,0.596016839,0.021676301,0.580294306,0.111015254,0.236946252,0.073529212,0.165751982,0.02527929,0.003690956,0.342701273,0.244920989,0.692335939,0.519751928,0.223993289,0.169315533,0.144927536,0.268656716,0.626976825,0.017964907,0.059232003,0.132467737,0.106711271,0.004018745,0.025284593,0.311699973,0.221682027,1,0.014779621,0.011957844,0.010632373,0.010632373,0.010877351,0.010877351,0.625,1,0.742424242,0,0.032786885,0.117834395,Research
jmahal,0.002552848,0.005202688,0.150918318,0.002530578,0.179432508,0.008968922,0.011084337,0.370157819,0.011680855,0.801334481,0.002538018,0,0,0,0,0,0.022902664,0.028688525,0.122968415,0.029516995,0.479010082,0.752941176,0.897727273,0.823529412,0.859375,0.002026998,0.138221934,0.0039119,0.861940299,0,0,0.010469526,0.688945087,0.005771737,0.311054913,0,0,0.337877371,0.045068634,0.066879151,0.113973221,0.001914586,0.005465405,0.001949725,0.462905814,0.007583682,0.498841699,0.004652854,0.399972001,0.013586957,0.643855995,0.002690335,0.009768589,0.004367362,0.003355947,0.00598469,0.42,0.369230769,0.002421693,0.6116,0.000355935,0.018111518,0.006137635,0.496761658,0.003853565,0.145873321,0.124983841,0.723806186,0.11732814,0.874265976,0.004908842,0.001225387,0.377913705,0.419063583,0.806611161,0.826971809,0.201274671,0.115479115,0.101449275,0.194029851,0.500669492,0.021889747,0.026438097,0.099214421,0.048995164,0.001326668,0.004909872,0.911265619,0.755604179,1,0.008403794,0.008248139,0.010759319,0.010759319,0.011029949,0.011029949,0.65625,1,0.818181818,0,0.016393443,0.079617834,GradStudent
jmernst,0.100850515,0.070236289,0.02477042,0.131959089,0.313596851,0.288326497,0.214457831,0.12338594,0.275984953,0.428110202,0.107004094,0.195110084,0.121693122,0.0526,0.267854142,0.3313,0.483943241,0.274590164,0.032045385,0.509838998,0.241979835,0.823529412,0.772727273,0.901960784,0.875,0.138029931,0.716255678,0.044674556,0.283744322,0,0,0.334544095,0.626264451,0.189070937,0.373735549,0,0,0.121136739,0.034498398,0.269247112,0.080325545,0.049842128,0.005981988,0.028062113,0.192075052,0.268828452,0.493436293,0.074372955,0.184236315,0.356431159,0.529604284,0.133781461,0.383270593,0.203563414,0.045575924,0.20487126,0.16,0.307692308,0.086562257,0.6302,0.068161595,0.1003256,0.249633371,0.604598446,0.209537572,0.235444658,0.077844797,0.327236602,0.163096982,0.498236412,0.423801385,0.197873543,0.117293801,0.110976793,0.204573289,0.156997538,0.646406728,0.746031746,0.68115942,0.835820896,0.978752713,0.219287092,0.6986271,0.828854483,0.821447069,0.197628414,0.423708566,0.113316601,0.080800119,0,0.25575444,0.254760944,0.114010745,0.114010745,0.114332943,0.114332943,0.208333333,0,0.166666667,0,0.68852459,0.624203822,Research
jnl,0.00343853,0.008454368,0.171580474,0.004744833,0.323273741,0.025203365,0.032771084,0.342419895,0.024087639,0.444898838,0.003686915,0.003365365,0.016354016,0.4096,0.003024702,0.2169,0.034105054,0.049180328,0.131094756,0.037119857,0.279743355,0.870588235,0.818181818,0.901960784,0.828125,0.003514901,0.344419208,0.003879027,0.655580792,0,0,0.02163346,0.316473988,0.029789611,0.683526012,0,0,0.152958268,0.102043902,0.108407688,0.075924422,0.029077506,0.002222122,0.000812385,0.148006419,0.014644351,0.29009009,0.002471828,0.162956741,0.020833333,0.358524249,0.004407708,0.032738729,0.011952627,0.001407333,0.026374391,0.13,0.584615385,0.004366118,0.8459,0.000355935,0.013838014,0.02221498,0.637791451,0.02938343,0.433141395,0.189724784,0.557612775,0.276974986,0.492588175,0.013055043,0,0.600925773,0.52693055,1,0.788521099,0.247645548,0.180537772,0.144927536,0.28358209,0.730580073,0.004712659,0.102058249,0.223627251,0.172787417,0,0.013057782,0.413969151,0.580032046,0,0.015159792,0.016341926,0.027712686,0.027712686,0.028088842,0.028088842,0.59375,0,0.727272727,0,0,0.01910828,Research
jodavis5,0.010068119,0.013223499,0.078540358,0.018768452,0.525176316,0.016686366,0.028915663,0.490674319,0.016564377,0.491820921,0.011781417,0.011596318,0.018278018,0.1329,0.026214082,0.5455,0.005476724,0.012295082,0.284421956,0.007155635,0.486709441,0.541176471,0.795454545,0.901960784,0.8125,0.012399189,0.564568462,0.007067719,0.435431538,0,0,0.016719192,0.490426301,0.015546453,0.509573699,0,0,0.12360445,0.087289109,0.396727292,0.041240265,0.116188305,0.002149078,0.002646055,0.175657326,0.007975941,0.244530245,0.005743366,0.138037239,0.010643116,0.288307051,0.012583191,0.021264125,0.014804664,0.015733256,0.01440501,0.54,0.461538462,0.007052959,0.4981,0.001067806,0.015262515,0.016457553,0.744494819,0.010597303,0.211132438,0.159804296,0.258692708,0.151361716,0.168522408,0.012419666,0.005940882,0.423186831,0.44085489,0.717354774,0.666291092,0.263961227,0.136571191,0.173913043,0.194029851,0.692292447,0.021442203,0.095820737,0.104445902,0.16717744,0.006220889,0.012422271,0.29182979,0.450987989,0,0.018984922,0.014879609,0.01108186,0.01108186,0.0111906,0.0111906,0.572916667,0,0.787878788,0,0.032786885,0.127388535,GradStudent
jonblack,0.002318403,0.007370475,0.225108748,0.00142345,0.0467443,0.007578391,0.017831325,0.692013391,0.005939418,0.325871718,0.002130682,0,0,0,0,0,0.03236246,0.036885246,0.104569151,0.029964222,0.117873511,0.070588235,0.852272727,1,0.90625,0.004204942,1,0,0,0,0,0.003258373,0,0.014615528,1,0,0,1,0.103047711,0.839871115,0.098548436,0.00106453,0.003430671,0.000510642,0.131835576,0.002615063,0.233204633,0.000145402,0.013579728,0.005661232,0.359714371,0.007010542,0.024337742,0.01155411,0.007433603,0.005497564,1,0.430769231,0,0,0,0,0.007223942,0.733160622,0.009152216,0.442098528,1,0.387687238,0.056832872,0.522319098,0.000467585,0.000651683,0.491934913,0.770059268,0.742148215,0.975174216,0.186620671,0.105145414,0.072463768,0.149253731,0.474183285,0.002725317,0.025871489,0.117191189,0.046321162,0.000680649,0.000467683,0.186467422,0.692565608,1,0.005393949,0.005339017,0.011322791,0.011322791,0.011427951,0.011427951,0.677083333,1,0.833333333,0,0.008196721,0.006369427,Director
jpokorsk,0.09621371,0.071320182,0.028032866,0.115141291,0.268328686,0.417472016,0.183614458,0.017694883,0.340130667,0.266681016,0.099954044,0.012893809,0.033670034,0.2201,0.015627626,0.2925,0.448095594,0.221311475,0.025452315,0.458855098,0.212098992,0.705882353,0.715909091,0.823529412,0.859375,0.085198603,0.244484101,0.113510848,0.755515899,0,0,0.332674537,0.200325145,0.538167939,0.799674855,0,0,0.237656471,0.058450747,0.226101459,0.072413845,0.03415191,0.002152118,0.029269085,0.209974077,0.271574268,0.300900901,0.069938204,0.181576368,0.391757246,0.393930378,0.101237554,0.44001563,0.195253135,0.255124134,0.481141267,0.95,0.646153846,0.085112777,0.6494,0.163908169,0.252747253,0.404432133,0.710168394,0.41955684,0.362763916,0.174467953,0.335781412,0.39335391,0.419738523,0.26077774,0.074170592,0.247849767,0.2016122,0.476712555,0.283536585,0.467310298,0.592384017,0.507246377,0.71641791,0.980181551,0.12716983,0.545987101,0.715831131,0.68155843,0.07388154,0.260753669,0.135066429,0.12195363,0,0.231796865,0.22774538,0.32622374,0.32622374,0.326139815,0.326139814,0.354166667,0,0.287878788,0,0.327868852,0.410828025,PM
jrmurphy,0.020943772,0.022111424,0.054857419,0.018083087,0.133836313,0.106862268,0.066024096,0.087517934,0.126641589,0.685320706,0.020366811,0.000729838,0.003848004,0.4444,0.00168039,0.5556,0.180731889,0.139344262,0.053511193,0.218694097,0.401466544,0.917647059,0.647727273,0.960784314,0.984375,0.030340277,0.783744322,0.007166338,0.216255678,0,0,0.112333743,0.503793353,0.09039285,0.496206647,0,0,0.448008916,0.035109149,0.229166689,0.047930495,0.087341915,0.002425466,0.002367523,0.076904086,0.04040272,0.124066924,0.006833879,0.08049839,0.044384058,0.16155906,0.020944125,0.107377727,0.044655984,0.056365473,0.072790536,0.95,0.292307692,0.006328219,0.2188,0.143085958,1,0.066699256,0.361560881,0.086705202,0.275111964,0.131353137,0.580509764,0.152961589,0.400286929,0.125194626,0.016525562,0.35443875,0.267038385,0.682575562,0.400286944,0.412841797,0.490705373,0.405797101,0.626865672,0.909834252,0.035678179,0.462834392,0.623128166,0.616386065,0.016531023,0.125220889,0.218381683,0.21886941,0,0.061761915,0.061082911,0.046334042,0.046334042,0.046256372,0.046256372,0.40625,0,0.378787879,0,0.31147541,0.312101911,Operations
jsprick,0.033668937,0.02774767,0.036249396,0.025305778,0.089060194,0.091983592,0.098795181,0.243902439,0.081304032,0.350624193,0.032002005,0.032437254,0.053391053,0.1388,0.041001512,0.305,0.153846154,0.110655738,0.049371358,0.144454383,0.126122823,0.647058824,0.579545455,0.647058824,0.703125,0.027278216,0.169857236,0.043951348,0.830142764,0,0,0.099834411,0.544436416,0.072332899,0.455563584,0,0,0.22651197,0.047445123,0.262069985,0.063859318,0.022793748,0.003297271,0.00506,0.102950253,0.029288703,0.085971686,0.013231552,0.097578048,0.030344203,0.124367748,0.156219636,0.430407525,0.233036382,0.024249423,0.066736256,0.26,0.323076923,0.033196634,0.7187,0.026873109,0.117623118,0.083754277,0.653983161,0.069845857,0.252079335,0.16153344,0.548699928,0.26328109,0.507834569,0.006854235,0.001367531,0.429131787,0.568409174,0.906235715,0.896028768,0.334022672,0.169315533,0.289855072,0.268656716,0.886954629,0.023812382,0.289000877,0.219854351,0.427429998,0.001368175,0.006855673,0.532304362,0.713037181,0,0.046530058,0.046910594,0.045187041,0.04518704,0.045249275,0.045249274,0.489583333,0,0.742424242,0,0.090163934,0.012738854,PM
justus,0.127251651,0.115543031,0.039753504,0.136071278,0.216991963,0.440624348,0.34746988,0.137254902,0.361248598,0.272277228,0.128989806,0.078335969,0.077922078,0.0839,0.070912452,0.2184,0.496141399,0.31557377,0.038485127,0.487924866,0.170669111,0.6,0.568181818,0.607843137,0.59375,0.118579376,0.290071382,0.140959895,0.709928618,0,0,0.465092677,0.502890173,0.369391175,0.497109827,0,0,0.191605803,0.038930882,0.41622937,0.04441657,0.055943556,0.003688515,0.041617343,0.225898037,0.385591004,0.453796654,0.084623773,0.166316674,0.369112319,0.348110681,0.127973734,0.443776537,0.215947208,0.101508372,0.287891441,0.29,0.261538462,0.124513894,0.7189,0.138102865,0.161172161,0.447775786,0.759229275,0.413294798,0.332053743,0.174139158,0.456288857,0.27874668,0.475963937,0.121123034,0.039307687,0.238368142,0.23394866,0.505324451,0.365001918,0.456065188,0.428430648,0.492753623,0.567164179,0.978713322,0.178259075,0.520763839,0.490554753,0.656129962,0.039384844,0.121148442,0.318747083,0.231006533,0,0.215638503,0.216649615,0.310641775,0.310641775,0.310682674,0.310682673,0.364583333,0,0.439393939,0,0.31147541,0.184713376,Research
jziegler,0.020188338,0.019293302,0.047970034,0.022037115,0.224700672,0.069526524,0.044819277,0.102821616,0.073582789,0.54563065,0.020544368,0.032437254,0.031265031,0.0813,0.029238783,0.2175,0.121981578,0.131147541,0.083563324,0.128354204,0.241429881,0.929411765,0.965909091,0.960784314,0.96875,0.027838875,0.716255678,0.009072978,0.283744322,0,0,0.084130121,0.689848266,0.039564327,0.310151734,0,0,0.237795777,0.027913164,0.28596877,0.061272476,0.097974474,0.001661859,0.005547432,0.187013949,0.035172594,0.215701416,0.016212286,0.197816044,0.060009058,0.364474859,0.021640216,0.074890191,0.03622663,0.00523239,0.051217815,0.09,0.338461538,0.018259917,0.6546,0.005694964,0.041310541,0.055293031,0.539183938,0.059248555,0.294945617,0,0.412983098,0.139135901,0.830070579,0.100375351,0.066961535,0.19328636,0.295408199,0.36750474,0.435724534,0.467310298,0.490705373,0.507246377,0.626865672,0.907222715,0.086679519,0.468754899,0.642497782,0.618021236,0.067026208,0.100396407,0.177395841,0.141137807,0,0.074023509,0.068542824,0.026268556,0.026268556,0.025187557,0.025187557,0.354166667,0,0.378787879,0,0.278688525,0.48089172,Research
kevin007,0.003151986,0.008237589,0.183301112,0.003479544,0.221420371,0.010741848,0.018313253,0.49689144,0.010163004,0.458674128,0.003206467,0.001500223,0.008177008,0.4595,0.002688624,0.4324,0.020911128,0.032786885,0.153940509,0.016994633,0.009715857,0.776470588,0.840909091,0.901960784,0.953125,0.004485272,0.693543154,0.001676529,0.306456846,0,0,0.011698093,0.60242052,0.008378328,0.39757948,0,0,0.186451472,0.019368688,0.154512482,0.060865096,0.017078508,0.003376758,0.001462294,0.287989137,0.003661088,0.194594595,0.003271538,0.233375332,0.004981884,0.235941684,0.004666294,0.016442629,0.007656327,0.001912529,0.00361865,0.2,0.138461538,0.003676731,0.7704,0.002669514,0.113146113,0.010808756,0.77007772,0.003371869,0.093410109,0.092617373,0.32832775,0.072072996,0.490115605,0.011717957,0.000112536,0.501995607,0.48210272,0.935537054,0.764727955,0.172342415,0.158249158,0.072463768,0.253731343,0.478196849,0.005152696,0.025389601,0.175526851,0.045915745,0.000112589,0.011769845,0.56199123,0.596758845,1,0.007585516,0.009270034,0.000757447,0.000757447,0.001381429,0.001381429,0.697916667,1,0.757575758,0,0.008196721,0.031847134,GradStudent
kgantt,0.064772002,0.077823542,0.061865636,0.058677773,0.151057897,0.144441354,0.119518072,0.155906265,0.120636178,0.293370641,0.063554896,0.010339375,0.022607023,0.1843,0.01495547,0.349,0.343539955,0.151639344,0.021005826,0.351073345,0.210082493,0.705882353,0.806818182,0.843137255,0.859375,0.069025747,0.419695003,0.058809993,0.580304997,0,0,0.149618076,0.48392341,0.126047291,0.51607659,0,0,0.26591574,0.031922356,0.425342572,0.051876413,0.037309709,0.00293242,0.005802753,0.061720775,0.055177824,0.123552124,0.014540167,0.05599888,0.079030797,0.219279976,0.106101052,0.237603486,0.143115596,0.070222286,0.111064718,0.39,0.353846154,0.054426218,0.6157,0.152696209,0.349206349,0.155070338,0.818976684,0.170520231,0.443378119,0.172773754,0.324191094,0.233991514,0.274991311,0.334958634,0.020078873,0.293100966,0.162831062,0.599885162,0.242160279,0.40245478,0.592384017,0.420289855,0.71641791,0.947406185,0.139932364,0.425700904,0.676650922,0.567809468,0.020146985,0.334776408,0.220061233,0.211462168,0,0.105595556,0.111117645,0.104823627,0.104823627,0.104880473,0.104880473,0.416666667,0,0.287878788,0,0.180327869,0.356687898,Outreach
kkarranc,0.021373588,0.017559072,0.038061866,0.025463939,0.264556339,0.078773552,0.045783133,0.079387853,0.078400317,0.475247525,0.022173713,0.050804849,0.036556037,0.0607,0.063854814,0.3033,0.146377894,0.135245902,0.068537259,0.164132379,0.311457379,0.952941176,0.943181818,0.960784314,0.921875,0.029628671,0.723880597,0.009335963,0.276119403,0,0,0.083435714,0.515715318,0.065537144,0.484284682,0,0,0.181814563,0.056715245,0.248393775,0.041895473,0.109317461,0.001710947,0.006684771,0.213060116,0.049947699,0.2996139,0.020428935,0.235755285,0.080163043,0.432906873,0.021696374,0.080318735,0.037761161,0.011475173,0.049686848,0.19,0.246153846,0.021724528,0.7364,0.008720413,0.05982906,0.07120743,0.647992228,0.060211946,0.254638516,0.140918961,0.6486405,0.260564846,0.856171677,0.072969769,0.014568878,0.334876288,0.353689664,0.688429094,0.531564224,0.392227564,0.384319384,0.405797101,0.52238806,0.913583232,0.103097044,0.436823077,0.509363976,0.577549162,0.014564384,0.072985077,0.186663351,0.323082256,0,0.068698207,0.070333663,0.047192323,0.047192323,0.046128901,0.046128901,0.427083333,0,0.484848485,0,0.196721311,0.156050955,Research
kls,0.006343045,0.012139605,0.12542291,0.006431885,0.191569624,0.020649378,0.024096386,0.306073649,0.021183924,0.521954369,0.006350267,0.000324373,0.003367003,0.875,0.000336078,0.25,0.036594473,0.032786885,0.080036799,0.035778175,0.169019248,0.811764706,0.875,0.882352941,0.9375,0.007051365,0.442407528,0.00581854,0.557592472,0,0,0.020885636,0.49132948,0.018897784,0.50867052,0,0,0.29911043,0.040436597,0.517530585,0.105753739,0.151709197,0.002317399,0.001764037,0.182199728,0.010983264,0.266924067,0.004943657,0.184796304,0.01879529,0.396905683,0.006779382,0.022377047,0.010844462,0.005881928,0.016701461,0.32,0.415384615,0.005674185,0.6233,0.011389927,0.252950753,0.019933735,0.721502591,0.018304432,0.314139475,0.098268335,0.394632624,0.141332738,0.392591517,0.001716907,0.000472649,0.585275803,0.704166508,0.938467188,0.897776184,0.239654195,0.074960128,0.144927536,0.104477612,0.701914818,0.006325299,0.095786063,0.062686978,0.164052091,0.000472872,0.001717267,0.591239918,0.805535969,1,0.013964673,0.013482592,0.015656799,0.015656798,0.01588895,0.01588895,0.604166667,1,0.878787879,0,0.008196721,0.006369427,Outreach
krich,0.04726676,0.09776718,0.124939584,0.03690426,0.100705265,0.283529166,0.211084337,0.12386418,0.289315647,0.499354283,0.045203877,0,0,0,0,0,0.440627334,0.282786885,0.039098436,0.487477639,0.295875344,0.647058824,0.795454545,0.666666667,0.859375,0.040906542,0.224042829,0.057495069,0.775957171,0,0,0.205277496,0.116690751,0.401508099,0.883309249,0,0,0.40223686,0.024000726,0.209541579,0.028639131,0.030127405,0,0.011187707,0.162695963,0.419848326,0.866409266,0.025372592,0.133557329,0.644474638,1,0.047389069,0.285012542,0.112994437,0.026667148,0.195963814,0.2,0.292307692,0.055168635,0.8534,0.031678235,0.099104599,0.301721797,0.808775907,0.329961464,0.435700576,0.176759963,0.327943417,0.197394707,0.21955319,0.313738414,0.016463555,0.280660322,0.16320359,0.633453771,0.240556699,0.372238005,0.574694312,0.376811594,0.701492537,0.97185681,0.16789285,0.340759213,0.646658262,0.478678972,0.016487061,0.313909239,0.455883321,0.156477968,0,0.175556884,0.17970484,0.425519648,0.425519647,0.425749392,0.425749391,0.447916667,0,0.303030303,0,0.098360656,0.439490446,Operations
krooks,0.003151986,0.004118795,0.098235863,0.006590046,0.579793341,0.016755892,0.014939759,0.229076997,0.01550848,0.423159707,0.003822694,0.001662409,0.004810005,0.2439,0.003864897,0.561,0.015434404,0.028688525,0.190125728,0.013416816,0.069294225,0.905882353,0.954545455,0.941176471,0.953125,0.004485272,0.693543154,0.001676529,0.306456846,0,0,0.020511725,0.725433526,0.009123068,0.274566474,0,0,0.058926546,0.00462599,0.188354351,0.061038605,0.022027951,0.001527659,0.001206973,0.237748426,0.006276151,0.18043758,0.003707743,0.264454711,0.012228261,0.326093425,0.003374672,0.01838588,0.007242445,0.001082564,0.004732081,0.11,0.061538462,0.003305522,0.6926,0.000177968,0.007529508,0.013741785,0.589216321,0.007707129,0.138195777,0.055489987,0.286441837,0.304811352,0.703224266,0.002516922,0,0.788725409,0.613550992,1,0.881097561,0.201274671,0.094949495,0.086956522,0.134328358,0.563335046,0.004570069,0.051542383,0.078404034,0.091567459,0,0.00251745,0.418602135,0.876637895,1,0.009394819,0.011014916,0.003100803,0.003100803,0.0036342,0.0036342,0.65625,1,0.848484848,0,0,0.01910828,GradStudent
ksterne,0.015343137,0.052893995,0.226437893,0.025253058,0.443660817,0.15813808,0.222650602,0.353419417,0.208935524,0.837494619,0.017296123,0.000648745,0.006734007,0.875,0.001008234,0.375,0.02116007,0.057377049,0.256516406,0.025939177,0.416681943,0.035294118,0,0,0.140625,0.018415491,0.541207008,0.01120973,0.458792992,0,0,0.221409113,0.906791908,0.037609384,0.093208092,0,0,0.131803618,0.003162605,0.337435266,1,0.051409995,1,0.008588074,0.378718677,0.172332636,0.601544402,0.00348964,0.055718886,0.010190217,0.000892591,0.01631701,0.169111721,0.058245892,0.013026848,0.049478079,0.3,0,0.014211978,0.6667,0.013169603,0.124949125,0.056813861,0.087273316,0.075626204,0.122840691,0.102185669,0.611024226,0.150157312,0.385005839,0.007060794,0,0.513546775,0.519638843,1,0.811108165,0.193899782,0.136571191,0.101449275,0.223880597,0.501027782,0.067368133,0.041599776,0.151763039,0.071481009,0,0.007062276,0.602902698,0.592488566,1,0.011329503,0.011547965,0.002151294,0.002151294,0.002142901,0.002142901,0.666666667,1,0.787878788,0,0,0.02866242,Research
kstraub,0.003034763,0.010838933,0.246133398,0.006431885,0.588322126,0.046687061,0.091566265,0.548063128,0.065399591,0.921222557,0.00369736,0.000608199,0.005291005,0.7333,0.001008234,0.4,0.026885736,0.057377049,0.198712052,0.028175313,0.240329973,0.658823529,0.25,0.862745098,0.171875,0.004399017,0.714146658,0.001512163,0.285853342,0,0,0.06885316,0.992774566,0.005026997,0.007225434,0,0,0.073494,0.001263833,0.19583908,0.250757694,0.020342845,0.010424352,0.001415872,0.288482903,0.066161088,0.823166023,0.00261723,0.193056139,0.008831522,0.071109789,0.009249005,0.136830023,0.044163359,0.002525982,0.018302018,0.27,0.092307692,0.002987344,0.6475,0.001245773,0.054538055,0.011677801,0,0.013969171,0.049904031,0.125027153,0.880834813,0.268147197,0.395112383,0.004247657,7.88E-05,0.633790709,0.535647072,0.969917292,0.885065815,0.216319444,0.180537772,0.115942029,0.28358209,0.51423741,0.006213539,0.06670866,0.231156755,0.117148448,7.88E-05,0.004248548,0.472717791,0.573021967,1,0.008576128,0.00988535,0.001564268,0.001564268,0.001676975,0.001676975,0.635416667,1,0.727272727,0,0.008196721,0.060509554,GradStudent
leslie,0.122549722,0.043789291,0,0.067692957,0.008200754,0.084405201,0.075662651,0.18460067,0.090939088,0.565863108,0.111672794,0.000729838,0.006734007,0.7778,0.001512351,0.5,0.1695295,0.12295082,0.049524686,0.209302326,0.4263978,0.847058824,0.931818182,0.960784314,0.96875,0.188187346,0.879785853,0.022978304,0.120214147,0,0,0.095614551,0.599710983,0.059393037,0.400289017,0,0,0.931083206,0.014748745,1,0.003181868,0.114400272,0.000518234,0.00872734,0.049129737,0.029811715,0.110682111,0.025372592,0.051798964,0.048233696,0.23326391,0.170926363,0.118440654,0.157982678,0.26602194,0.068823939,0.78,0.384615385,0.01741144,0.1044,0.037017263,0.044770045,0.082070501,0.716968912,0.098747592,0.437619962,0.77790088,0.417835757,0.823048729,0.336682355,0.691475531,1,0,0.025099703,0,0.032336714,1,0.949494949,1,0.970149254,0.982956119,0.443697988,1,0.951976383,1,1,0.691472318,0.070449855,0.032853443,0,0.319835928,0.287192314,0.091828952,0.091828952,0.091350637,0.091350637,0,0,0.03030303,0,1,0.786624204,Operations
matthewv,0.007906014,0.010405376,0.081440309,0.009436946,0.261768083,0.03090454,0.031325301,0.243424199,0.029235135,0.430908308,0.008198947,0.00259498,0.012025012,0.3906,0.003696858,0.3438,0.053522529,0.069672131,0.111468875,0.06216458,0.352520623,0.905882353,0.931818182,0.882352941,0.90625,0.008927416,0.463497729,0.006903353,0.536502271,0,0,0.030874419,0.46441474,0.028951778,0.53558526,0,0,0.280284185,0.037509826,0.342581195,0.059560035,0.060539301,0.002447321,0.000882018,0.073818047,0.00915272,0.099099099,0.002471828,0.074898502,0.017210145,0.23951205,0.036395265,0.144139021,0.066135567,0.004185912,0.021363953,0.18,0.323076923,0.008237291,0.7339,0.004627158,0.083231583,0.026505893,0.611237047,0.031310212,0.367242482,0.250764292,0.654923798,0.295798066,0.807200737,0.014406084,0.007063424,0.420168623,0.480970704,0.750630182,0.772029898,0.315745773,0.215173316,0.260869565,0.328358209,0.772831991,0.016717204,0.220480218,0.269789725,0.34558483,0.00720467,0.014409106,0.306278318,0.526710108,0,0.022965802,0.019930188,0.017530102,0.017530102,0.016645597,0.016645597,0.510416667,0,0.681818182,0,0.073770492,0.063694268,Research
mcarrick,0.013220105,0.01300672,0.052924118,0.016501476,0.285550271,0.031217409,0.031325301,0.240076518,0.029235135,0.42057684,0.013859876,0.001054211,0.005291005,0.4231,0.002352546,0.5385,0.048792631,0.06557377,0.116528672,0.04293381,0.069660862,0.811764706,0.954545455,0.882352941,0.921875,0.019450554,0.797858533,0.004273504,0.202141467,0,0,0.039367555,0.754877168,0.014987898,0.245122832,0,0,0.160978328,0.005115801,0.442795962,0.023252007,0.174133063,0.001158511,0.00689367,0.351561536,0.018436192,0.289060489,0.016939295,0.312753745,0.031702899,0.4370723,0.014764191,0.035159943,0.020234097,0.001876443,0.014822547,0.05,0.153846154,0.008237291,0.4468,0.004805125,0.052706553,0.033240997,0.813795337,0.013487476,0.113883557,0.060284792,0.097683094,0.093113463,0.389800116,0.05193432,0.031837835,0.341397109,0.318212355,0.557607232,0.523921201,0.297991071,0.315290308,0.231884058,0.447761194,0.808263301,0.038041646,0.136403622,0.361433468,0.234899645,0.032753968,0.051969267,0.222447503,0.216947647,0,0.036686661,0.034446257,0.010958712,0.010958712,0.010887462,0.010887462,0.53125,0,0.560606061,0,0.049180328,0.25477707,GradStudent
mdarden,0.011422692,0.019293302,0.103794103,0.011440321,0.188125308,0.02589863,0.02313253,0.210425634,0.027189335,0.543908739,0.011415859,0,0,0,0,0,0.000248942,0,0.744403557,0.000447227,0.541704858,0.835294118,0.852272727,0.980392157,0.984375,0.012442317,0.431700195,0.010420776,0.568299805,0,0,0.023396186,0.364703757,0.028579408,0.635296243,0,0,0.277100042,0.048376368,0.271341271,0.043660988,0.021441605,0.001659386,0.001531927,0.08998889,0.015951883,0.311196911,0.003707743,0.078958421,0.027626812,0.460577209,0.014684526,0.033753964,0.019788527,0.007541859,0.02533055,0.23,0.538461538,0.00834335,0.5215,0.012279765,0.155067155,0.02525664,0.728141192,0.047206166,0.716570697,0.060162426,0.196229962,0.052718514,0.189789321,0.048664585,0.000256018,0.548640647,0.306913498,0.926160625,0.409317554,0.216319444,0.191919192,0.130434783,0.268656716,0.802285447,0.008033593,0.079851554,0.148580686,0.136250518,0.000256139,0.049216262,0.233335148,0.365528262,1,0.022785788,0.023584141,0.039161745,0.039161745,0.037011317,0.037011317,0.635416667,1,0.712121212,0,0.016393443,0.127388535,Operations
mifowler,0.082993605,0.090613484,0.053528275,0.075442851,0.152206003,0.225509282,0.186987952,0.153993305,0.206559757,0.382264313,0.081488135,0.126951304,0.126503127,0.084,0.125357083,0.2383,0.333333333,0.303278689,0.064550751,0.317084079,0.138038497,0.729411765,0.772727273,0.764705882,0.828125,0.071117436,0.21641791,0.101610782,0.78358209,0,0,0.182468885,0.217485549,0.285887172,0.782514451,0,0,0.353599077,0.057241338,0.302672346,0.050497096,0.099641431,0.001737581,0.024348351,0.202320701,0.232217573,0.56010296,0.060487096,0.18199636,0.348278986,0.669443618,0.084351133,0.229596732,0.124919216,0.107967667,0.191927627,0.47,0.415384615,0.066287209,0.5859,0.073144688,0.130647131,0.23328445,0.778497409,0.271194605,0.453614843,0.294119854,0.452174444,0.695386774,0.347207225,0.430988272,0.071309183,0.226229383,0.102502952,0.419050534,0.147559102,0.514180672,0.705465874,0.536231884,0.805970149,0.971191389,0.110000269,0.592784153,0.760628411,0.734342206,0.071234481,0.431086045,0.150762749,0.096639649,0,0.177025086,0.173459125,0.245504657,0.245504656,0.24545711,0.245457109,0.3125,0,0.196969697,0,0.549180328,0.608280255,Research
mlapan4,0.004714954,0.010622155,0.152609957,0.0056938,0.263408234,0.015573941,0.025060241,0.454806313,0.01775226,0.642703401,0.004898479,4.05E-05,0.000481,1,0.000168039,1,0.026636794,0.028688525,0.103189206,0.033542039,0.45004583,0.788235294,0.829545455,0.921568627,0.796875,0.006253504,0.629785853,0.002925707,0.370214147,0,0,0.019016078,0.723988439,0.008564513,0.276011561,0,0,0.121733766,0.033349459,0.233301787,0.084320568,0.030974862,0.009806789,0.00069633,0.094926552,0.016474895,0.603346203,0.001526718,0.075318494,0.024682971,0.677179411,0.006413706,0.021672313,0.010381606,0.004113741,0.009881698,0.29,0.307692308,0.004825709,0.7,0.001423741,0.041717542,0.013578839,0.639410622,0.022157996,0.537428023,0.219019313,0.699372626,0.340518421,0.816828005,0.018613827,0.000210066,0.679734549,0.378204884,0.871074108,0.603327147,0.201274671,0.136571191,0.072463768,0.194029851,0.635966301,0.005173692,0.032777793,0.094020662,0.059348667,0.000210165,0.018699185,0.407950852,0.836707901,1,0.010712082,0.01118133,0.022635674,0.022635674,0.022450468,0.022450468,0.65625,1,0.787878788,0,0.008196721,0.085987261,GradStudent
mlerch,0.00049494,0.003468459,0.430642823,0.000896246,0.355584714,0.005944518,0.011084337,0.567192731,0.006005411,0.541971588,0.000564004,0,0,0,0,0,0.001493652,0.012295082,0.829653481,0.002683363,0.796333639,0.788235294,0.829545455,0.725490196,0.734375,0.000495968,0.213497729,0.00105194,0.786502271,0,0,0.004006196,0.268063584,0.008936883,0.731936416,0,0,0.247169098,0.038967165,0.053684286,0.082231355,0.0031043,0.004157745,9.28E-05,0.07480558,0.002222803,0.278507079,0.000218103,0.063698726,0.004528986,0.376376079,0.000719599,0.008795219,0.002650378,0.000324769,0.002644398,0.14,0.276923077,0.0008308,0.7121,0.000889838,0.154253154,0.004888382,0.637953368,0.000963391,0.070377479,0.117175591,0.449858916,0.01521699,0.330717608,0.002110699,0,0.518763432,0.469650545,1,0.87804878,0.151598532,0.084888621,0.057971014,0.149253731,0.349006947,0.00556816,0.016923283,0.069498577,0.031141121,0,0.002111142,0.757236736,0.745390058,1,0.00514664,0.002555962,0.002878455,0.002878455,0.002706383,0.002706383,0.729166667,1,0.863636364,0,0,0.038216561,GradStudent
mlgood3,0.08884171,0.076956427,0.037095215,0.097690848,0.22912908,0.483313634,0.212048193,0.016738403,0.38837194,0.253766681,0.090585311,0.003446458,0.012987013,0.3176,0.005377248,0.3765,0.904904157,0.25,0.004293162,0.88372093,0.163519707,0.858823529,0.875,0.921568627,0.921875,0.073812912,0.191109669,0.11226167,0.808890331,0,0,0.307408792,0.011560694,0.758517967,0.988439306,0,0,0.330434437,0.05334704,0.34371921,0.061241794,0.081320591,0.002239356,0.020704222,0.160720899,0.364278243,0.370913771,0.05736096,0.161276774,0.550271739,0.48497471,0.095193443,0.518760924,0.212483471,0.184035797,0.522964509,0.74,0.584615385,0.094286926,0.7788,0.089161773,0.148758649,0.501819564,0.781897668,0.613680154,0.484964811,0.166616899,0.322023293,0.334399489,0.398506162,0.133692812,0.014612414,0.302188045,0.251228618,0.673239549,0.368715779,0.40245478,0.474747475,0.420289855,0.611940299,0.985023655,0.596310635,0.445765904,0.578605274,0.584441096,0.014649799,0.133720857,0.389904644,0.201718317,0,0.289466874,0.286804543,0.530498456,0.530498455,0.530355195,0.530355194,0.416666667,0,0.393939394,0,0.196721311,0.25477707,Director
mryan91,0.004037668,0.015608064,0.262445626,0.009278785,0.667213384,0.020614614,0.060240964,0.862266858,0.026067445,0.770340077,0.005065592,0.000689292,0.004329004,0.5294,0.001512351,0.5294,0.03236246,0.036885246,0.104569151,0.034436494,0.255728689,0.411764706,0.465909091,0.62745098,0.71875,0.005520335,0.659149903,0.002333991,0.340850097,0,0,0.028737781,0.904263006,0.005120089,0.095736994,0,0,0.067682939,0.002213219,0.157371313,0.121941374,0.029206362,0.004821535,0.001949725,0.306752253,0.009806485,0.231917632,0.002181025,0.124317514,0.00611413,0.139541803,0.008808887,0.045413473,0.018677481,0.002273383,0.013778706,0.19,0.323076923,0.003199463,0.5355,0.004093255,0.138380138,0.010591494,0.291936528,0.003853565,0.017914267,0.093232959,0.580321264,0.175515564,0.457172311,0.040778888,0.00015755,0.615597619,0.384794997,0.95165279,0.657575393,0.186620671,0.191919192,0.086956522,0.298507463,0.463540585,0.005176767,0.039160382,0.201441121,0.070458738,0.000157624,0.040883829,0.65456453,0.662531648,1,0.007112263,0.009681628,0.00053216,0.00053216,0.000922685,0.000922685,0.677083333,1,0.712121212,0,0.008196721,0.089171975,GradStudent
odge,0.123721948,0.097983958,0.031416143,0.085565162,0.06445793,0.211916846,0.146506024,0.107125777,0.187817594,0.34911752,0.116153493,0.218018895,0.158730159,0.0614,0.147706268,0.1635,0.54866816,0.286885246,0.027752223,0.569320215,0.225847846,0.670588235,0.761363636,0.764705882,0.875,0.078578514,0,0.193030901,1,0,0,0.176219219,0.243858382,0.260379818,0.756141618,0,0,0.466337639,0.025663663,0.358090042,0.049913542,0.098387621,0.002036468,0.021168442,0.118133564,0.133368201,0.288545689,0.047619048,0.096318074,0.172327899,0.337994644,0.161798815,0.277839607,0.195144623,0.175303118,0.200208768,0.51,0.476923077,0.105935799,0.6291,0.213383164,0.256206756,0.215957851,0.762791451,0.225433526,0.390275112,0.236262896,0.481930724,0.374331725,0.452298693,0.15894212,0.066199662,0.261880358,0.223238981,0.523120705,0.331613508,0.445,0.523439523,0.47826087,0.656716418,0.976280278,0.165200012,0.509012577,0.636445179,0.64989222,0.065686249,0.158967383,0.192556302,0.196430453,0,0.204482043,0.202205463,0.234426814,0.234426814,0.234354304,0.234354304,0.375,0,0.348484848,0,0.344262295,0.286624204,PM
oshea,0.051656095,0.038153046,0.028878685,0.055145508,0.216007873,0.1630397,0.091566265,0.06456241,0.144987791,0.353422299,0.052337483,0.000729838,0.006734007,0.7778,0.001344312,0.4444,0.400796614,0.180327869,0.021465808,0.390876565,0.162419798,0.870588235,0.852272727,0.843137255,0.8125,0.059559236,0.504055808,0.040138067,0.495944192,0,0,0.164521126,0.452131503,0.14987898,0.547868497,0,0,0.2271687,0.023710467,0.159476748,0.045959902,0.021824741,0.001691603,0.021516607,0.286507839,0.116893305,0.349292149,0.060632497,0.292314154,0.173233696,0.451353764,0.072439219,0.229342051,0.116090386,0.031574769,0.115796799,0.22,0.307692308,0.055769639,0.7899,0.016728955,0.047822548,0.162022704,0.737046632,0.12716763,0.260396673,0.175487429,0.421574578,0.468942313,0.605470379,0.146852843,0.01260609,0.353681494,0.243371176,0.682675949,0.358797362,0.423392388,0.540229885,0.420289855,0.671641791,0.958446425,0.06602678,0.49446801,0.682380988,0.644859381,0.012612024,0.146872405,0.156281856,0.165163378,0,0.125943225,0.128153546,0.141382435,0.141382435,0.141408575,0.141408575,0.395833333,0,0.333333333,0,0.37704918,0.410828025,Research
pudavid,0.011448741,0.027964448,0.156718221,0.026571067,0.706248975,0.092748384,0.135903614,0.3758967,0.0928529,0.480843737,0.014434325,0.010785387,0.027898028,0.218,0.032599563,0.7293,0.096091611,0.102459016,0.084176633,0.101073345,0.241246563,0.564705882,0.363636364,0.823529412,0.375,0.018501747,0.932024659,0.001249178,0.067975341,0,0,0.126061642,0.860007225,0.0286725,0.139992775,0,0,0.025950765,0.004746931,0.210820379,0.185411995,0.037164753,0.01072601,0.007056147,0.413776077,0.118070084,0.726383526,0.012722646,0.270054599,0.054347826,0.238916989,0.016787166,0.136313683,0.049563984,0.00562933,0.029297147,0.17,0.015384615,0.009297886,0.5799,0.001601708,0.02014652,0.048449297,0.259553109,0.018786127,0,0.095402076,0.619733992,0.243924727,0.431918815,0.03600206,0.008398811,0.357959993,0.403580287,0.734564339,0.611062718,0.297991071,0.276345545,0.260869565,0.402985075,0.760214634,0.063460061,0.178609616,0.34389489,0.283513993,0.008579785,0.036004183,0.263470826,0.354498679,0,0.029745943,0.028486798,0.005455175,0.005455175,0.004848664,0.004848664,0.53125,0,0.606060606,0,0.032786885,0.114649682,GradStudent
rchase,0.007775766,0.023195318,0.197196713,0.016659637,0.628997868,0.042098311,0.059759036,0.369679579,0.048109285,0.640120534,0.009525401,0.005352147,0.018278018,0.2879,0.011090573,0.5,0.122977346,0.155737705,0.101195952,0.131037567,0.254995417,0.729411765,0.909090909,0.901960784,0.9375,0.011687584,0.813108371,0.002366864,0.186891629,0,0,0.053896694,0.773482659,0.018804692,0.226517341,0,0,0.042010786,0.00489206,0.147623808,0.040970953,0.030262496,0.003252633,0.000324954,0.027650907,0.006799163,0,0.00087241,0.026879462,0.011775362,0.112764058,0.009135384,0.049924468,0.020158235,0.002165127,0.023869172,0.1,0.215384615,0.005921657,0.536,0.004093255,0.074888075,0.032697844,0.526554404,0.053468208,0.48112604,0.070499506,0.150892661,0.230531782,0.347901771,0.243104815,0.004748242,0.358194743,0.181538344,0.791323506,0.260933558,0.343364198,0.61038961,0.333333333,0.731343284,0.810346679,0.030467027,0.319723346,0.72196534,0.452688116,0.004744109,0.243154942,0.263454826,0.127872527,0,0.027316953,0.0241755,0.025027165,0.025027165,0.021545211,0.021545211,0.479166667,0,0.272727273,0,0.090163934,0.515923567,Operations
rwmcgwi,0.282467406,0.244959896,0.036370227,0.263021932,0.161226833,1,0.980240964,0.201817312,1,0.475247525,0.278607537,0.03981673,0.073593074,0.1558,0.053268358,0.3228,0.952203137,0.471311475,0.024685679,0.974060823,0.210815765,0.647058824,0.545454545,0.705882353,0.609375,0.241018674,0.213497729,0.346055227,0.786502271,0,0,1,0.436596821,0.935114504,0.563403179,0,0,0.282871301,0.011453105,0.382107303,0.147698879,0.151325234,0.013293081,0.113339368,0.277620047,1,0.538223938,0.252562704,0.22399552,1,0.421600714,0.282144275,1,0.482406197,0.70471276,0.776617954,0.9,0.353846154,0.311815032,0.8123,0.145043602,0.076312576,0.798544348,0.533678756,0.930635838,0.328854766,0.108988791,0.488176589,0.227552544,0.569354994,0.562639099,0.468267772,0.056716708,0.042733458,0.092340583,0.05614226,0.841065292,0.949494949,0.884057971,0.970149254,0.99570245,0.530351233,0.962560021,0.979947573,0.959219466,0.468068448,0.562547352,0.058550324,0.014320438,0,0.548456943,0.539681256,0.684600427,0.684600426,0.684526356,0.684526354,0.083333333,0,0.03030303,0,0.950819672,0.939490446,Director
saikou,0.017752712,0.03576848,0.124093765,0.027941797,0.415942267,0.06340819,0.093975904,0.384983262,0.066587474,0.537021093,0.019761029,0.020476017,0.047138047,0.1941,0.034616031,0.4079,0.079163555,0.135245902,0.144894204,0.095706619,0.400366636,0.6,0.659090909,0.823529412,0.8125,0.02395739,0.6862427,0.008842867,0.3137573,0,0,0.076384809,0.684429191,0.036678458,0.315570809,0,0,0.0868674,0.009705509,0.217410198,0.080502282,0.050809307,0.007095004,0.006104496,0.233427972,0.031773013,0.213899614,0.010541621,0.145877082,0.031702899,0.20380839,0.018349127,0.065885645,0.031327273,0.014362009,0.038970077,0.29,0.246153846,0.01523722,0.6197,0.009788219,0.08038258,0.053446309,0.587920984,0.037572254,0.178502879,0.067714602,0.388625963,0.090258394,0.514828082,0.217731524,0.013588153,0.287926379,0.190531875,0.589781252,0.272648084,0.334022672,0.592384017,0.31884058,0.71641791,0.811946493,0.053307353,0.229981916,0.701343522,0.352331033,0.013791522,0.217816466,0.228770901,0.078266316,0,0.03385771,0.038634432,0.015016498,0.015016498,0.015904853,0.015904853,0.489583333,0,0.287878788,0,0.090163934,0.614649682,GradStudent
sarowe,0.098519088,0.081292001,0.034074432,0.099219739,0.191897655,0.322185914,0.174939759,0.054041129,0.283244242,0.339862247,0.098648479,0.018529781,0.043290043,0.1969,0.028566627,0.372,0.383121733,0.254098361,0.041398344,0.407423971,0.252245646,0.8,0.795454545,0.901960784,0.90625,0.117307112,0.542504867,0.070381328,0.457495133,0,0,0.280487153,0.287391618,0.373952709,0.712608382,0,0,0.286075345,0.008096995,0.319836018,0.051022234,0.054730569,0.002417779,0.013671286,0.095790643,0.187238494,0.254311454,0.037077426,0.094078118,0.27173913,0.351085986,0.098430986,0.322419261,0.160821271,0.105622113,0.276130828,0.39,0.415384615,0.064378138,0.4797,0.153052145,0.230565731,0.321709847,0.74109456,0.337668593,0.382597569,0.209828052,0.359987537,0.403625261,0.311007477,0.643774429,0.315552327,0.076320221,0.02221037,0.127205637,0.028658537,0.771039604,1,0.826086957,1,0.979760067,0.290271311,0.891433042,1,0.920517988,0.315203544,0.643699702,0.051266319,0,0,0.240035048,0.236749741,0.243504324,0.243504324,0.243295786,0.243295786,0.125,0,0,0,0.844262295,1,PM
sdh11,0.021139143,0.052677217,0.157322378,0.029101645,0.338363129,0.074880067,0.129156627,0.465327594,0.095294661,0.782393457,0.022706384,0.013339821,0.047619048,0.3009,0.028566627,0.5167,0.083644511,0.110655738,0.108862312,0.09391771,0.313290559,0.482352941,0.397727273,0.450980392,0.1875,0.026523483,0.597177158,0.013477975,0.402822842,0,0,0.099674163,0.828215318,0.02681065,0.171784682,0,0,0.097912396,0.001148939,0.298671733,0.209768757,0.352598199,0.02157491,0.007497157,0.241451673,0.066814854,0.472586873,0.009233006,0.107657847,0.041893116,0.228800952,0.022529594,0.080179184,0.038335409,0.014253753,0.031871955,0.24,0.107692308,0.019956869,0.6838,0.012457733,0.086284086,0.036282657,0.224093264,0.035645472,0.124760077,0.12784852,0.610840883,0.391321305,0.499176275,0.146063625,0.056510002,0.33378079,0.267396091,0.517172533,0.385297743,0.362468672,0.443616493,0.333333333,0.582089552,0.822730074,0.050379316,0.280263183,0.539964569,0.43437378,0.056795636,0.145992053,0.170784094,0.221453719,0,0.040032434,0.041324123,0.018909395,0.018909395,0.018703153,0.018703153,0.458333333,0,0.424242424,0,0.139344262,0.27388535,GradStudent
snyder84,0.000156297,0.005419467,1,0,0.030014761,0.010533268,0.015421687,0.427068388,0.009635056,0.429186397,0.00011489,0,0,0,0,0,0.012198158,0.020491803,0.184145967,0.015205725,0.435930339,0.270588235,0.488636364,0.803921569,0.78125,0.000215638,0.229396496,0.000624589,0.770603504,0,0,0.006036002,0.08724711,0.017687581,0.91275289,0,0,0.931441422,0.036282276,0.100482206,0.082384917,0.001220034,0.004131605,0,0,0.009283473,0.511196911,0,0,0.002490942,0.148467718,9.40E-05,0.011303653,0.002881806,0,0.005915101,0,0.292307692,0.000707064,1,0,0,0.010917386,0.797117876,0.003371869,0.096609085,0.677784615,0.468308492,1,0.136704748,0.010081036,0.000121192,0.18424533,0.493089933,0.774379688,0.642216643,0,0.045943304,0.028985507,0.089552239,0.362663099,0.004805047,0.001906082,0.030162075,0.003289648,0.000121249,0.010083151,0,0.576117094,1,0.004836417,0.003070785,0.000948763,0.000948763,0,0,1,1,0.924242424,1,0.008196721,0.012738854,Operations
tandonr,0.002591922,0.005636245,0.159255679,0.003690426,0.333114647,0.02600292,0.035180723,0.358201817,0.028245232,0.582436505,0.002799131,0,0,0,0,0,0.040079661,0.040983607,0.090003067,0.049642218,0.429880843,0.917647059,0.863636364,0.980392157,0.9375,0.002760167,0.371025308,0.002892834,0.628974692,0,0,0.0261204,0.475614162,0.024110966,0.524385838,0,0,0.136480328,0.003900345,0.24740783,0.060256098,0.099915705,0.002805653,0.001206973,0.282804592,0.025366109,0.541055341,0.003707743,0.314573709,0.041440217,0.685212734,0.00279612,0.028785939,0.00967964,0.002634238,0.032637439,0.32,0.723076923,0.002775224,0.6916,0.001779676,0.08974359,0.021291619,0.576748705,0.027456647,0.38643634,0.105215503,0.367119726,0.212967598,0.375547932,0.014653585,0.000758893,0.465553535,0.480492525,0.895867548,0.688086304,0.247645548,0.169315533,0.188405797,0.268656716,0.712301636,0.020673856,0.123379084,0.188782233,0.199759969,0.000759251,0.014656659,0.450268167,0.33824425,1,0.015068012,0.014167727,0.02923712,0.02923712,0.027573244,0.027573244,0.59375,1,0.742424242,0,0.008196721,0.063694268,Research
tcc,1,1,0.045674239,1,0.189109398,0.961934228,1,0.222381636,0.807892827,0.294016358,1,1,1,0.0843,1,0.2413,1,1,0.071603803,1,0.187351054,0.317647059,0.454545455,0.450980392,0.546875,1,0.357397794,1,0.642602206,0,0,0.904278618,0.36632948,1,0.63367052,0,0,0.226014448,0.000114894,0.4621686,0.074362813,0.065367663,0.00470946,1,0.692383656,0.713912134,0.362162162,1,0.250734985,0.57178442,0.236834276,1,0.962795631,1,1,1,0.36,0.553846154,1,0.7366,1,0.148962149,1,0.783031088,1,0.378758797,0.178263885,0.338463828,0.364787828,0.3192224,1,0.530750668,0.054741831,0,0.093424011,0,0.788020833,1,0.84057971,1,1,1,0.854634502,0.960008253,0.91665741,0.530491209,1,0.0861372,0.01073847,0,1,1,1,1,1,1,0.114583333,0,0,0,0.885245902,0.866242038,Director
tkoehn,0.024056684,0.03099935,0.070927985,0.041807254,0.482860423,0.081033164,0.088192771,0.25011956,0.086847489,0.559836418,0.027563085,0.050602117,0.055315055,0.0921,0.090909091,0.4335,0.11600697,0.12295082,0.082336707,0.124329159,0.261228231,0.717647059,0.795454545,0.941176471,0.90625,0.035709665,0.820084361,0.006837607,0.179915639,0,0,0.106297741,0.805816474,0.031744554,0.194183526,0,0,0.048080559,0.000108847,0.191708433,0.077579962,0.039421372,0.043783909,0.004038716,0.114553759,0.032557531,0.143629344,0.01126863,0.115777684,0.041666667,0.207973817,0.028482286,0.096388064,0.047173843,0.009887413,0.05421016,0.15,0.276923077,0.020027575,0.6043,0.006406834,0.039072039,0.064906849,0.543555699,0.052023121,0.199616123,0.039138467,0.439347623,0.09681479,0.777992659,0.067390419,0.017800544,0.305683075,0.347560859,0.612521639,0.509720749,0.352845149,0.413489736,0.347826087,0.552238806,0.875284099,0.087769466,0.29205474,0.551743136,0.427620415,0.018099977,0.067404556,0.268585528,0.19806378,0,0.059480884,0.060935222,0.017253268,0.017253268,0.014313136,0.014313136,0.46875,0,0.454545455,0,0.098360656,0.302547771,Research
totani,0.000429816,0,0.151159981,0.001634332,0.77890766,0.004136828,0.005301205,0.446676231,0.005477463,0.804993543,0.000658005,0,0,0,0,0,0.007717202,0.012295082,0.203311868,0.010733453,0.568652612,1,0.965909091,1,0.984375,0.001035063,0.9467878,6.57E-05,0.0532122,0,0,0.003632285,0.499277457,0.004747719,0.500722543,0,0,0,0,0.179493704,0.031492725,0.017477052,0.001326588,0.000348165,0.303542772,0,0.152638353,0.001090513,0.344253115,0.001811594,0.29336507,0.000369595,0.004340045,0.001166742,0.000649538,0,0.3,0.107692308,0.000742417,0.6885,0.000177968,0.033374033,0.001792407,0.383257772,0.002890173,0.270633397,0.068816791,0.142065518,0.061915169,0.289302705,0.003851699,0,0.803816451,0.711203284,1,0.739329268,0.201274671,0.045943304,0.072463768,0.074626866,0.26162351,0.001827862,0.037274431,0.035602293,0.067808142,0,0.003852507,0.313176223,0.495748018,1,0.002672318,0.001277151,0.001522413,0.001522413,0.000881803,0.000881803,0.65625,1,0.924242424,1,0,0.012738854,GradStudent
vombo13,0.000390742,0.001300672,0.285403577,0.001950654,1,0.023465202,0.021686747,0.223816356,0.031478915,0.851700387,0.000689338,0.00012164,0.000962001,0.6667,0.000504117,1,0.054020413,0.086065574,0.13799448,0.059033989,0.283409716,0.964705882,1,0.960784314,0.96875,0.000840988,0.776281635,0.000262985,0.223718365,0,0,0.027722878,0.671965318,0.014522435,0.328034682,0,0,0.025095027,0.001953196,0.143304097,0.116377876,0.017847036,0.003392035,0.000278532,0.255400568,0.00876046,0.160875161,0.00087241,0.289654207,0.016530797,0.307944064,0.000466238,0.029222037,0.008086533,0.001696016,0.024634656,0.81,0.584615385,0.000300502,0.2931,0.000533903,0.105209605,0.012003693,0.283678756,0.015414258,0.215611004,0.132028546,1,0.149475067,0.828798124,0.028367051,0.00093555,0.553193365,0.495012695,0.896859286,0.64686318,0.27229021,0.251336898,0.188405797,0.343283582,0.758779346,0.01623395,0.140564352,0.298002876,0.234514517,0.000935991,0.028373002,0.185304925,0.345009713,0,0.022686751,0.008957638,0.009538782,0.009538782,0.000826007,0.000826007,0.5625,0,0.636363636,0,0.040983607,0.079617834,GradStudent
zleffke,0.05213801,0.099934966,0.113823103,0.080029523,0.40413318,0.319891539,0.478554217,0.381157341,0.377483007,0.679078777,0.057653743,0.086404736,0.146705147,0.1431,0.133759032,0.3735,0.184714961,0.233606557,0.099202699,0.221824687,0.392300642,0.376470588,0.352272727,0.607843137,0.390625,0.06553241,0.605126541,0.032248521,0.394873459,0,0,0.404091662,0.746387283,0.152392478,0.253612717,0,0,0.12961452,0,0.995387512,0.115480834,0.730723583,0.008640238,0.016386974,0.216146155,0.254314854,0.3997426,0.02522719,0.120537589,0.134737319,0.159476346,0.053004816,0.326012706,0.12840888,0.036446305,0.203201113,0.25,0.246153846,0.04788588,0.672,0.018864567,0.053520554,0.174949758,0.275744819,0.238921002,0.244401791,0.12521568,0.559933693,0.182006305,0.467683409,0.184720452,0.102050986,0.206546537,0.216179007,0.364540232,0.318419385,0.502170139,0.574694312,0.550724638,0.701492537,0.909346859,0.123663124,0.567390023,0.705139532,0.705146856,0.102051404,0.184673917,0.092348964,0.118203007,0,0.076407596,0.073745896,0.036178424,0.036178424,0.035335355,0.035335355,0.322916667,0,0.303030303,0,0.385245902,0.566878981,Research
